"original_dir","old_name","new_name","file_size_bytes","duplicate"
"/home/marce/Dropbox/courses_and_workshops/Bioacoustics/PRSTATS_BR_2025/examples/inquiry","1_ch1-1.wav","1_ch1-1.wav",8530218,NA
"/home/marce/Dropbox/courses_and_workshops/Bioacoustics/PRSTATS_BR_2025/examples/inquiry","1_ch1.wav","1_ch1.wav",8800218,NA
"/home/marce/Dropbox/courses_and_workshops/Bioacoustics/PRSTATS_BR_2025/examples/inquiry","1_ch2-1.wav","1_ch2-1.wav",8530218,NA
"/home/marce/Dropbox/courses_and_workshops/Bioacoustics/PRSTATS_BR_2025/examples/inquiry","1_ch2.wav","1_ch2.wav",8800218,NA
"/home/marce/Dropbox/courses_and_workshops/Bioacoustics/PRSTATS_BR_2025/examples/inquiry","1_ch3-1.wav","1_ch3-1.wav",8530218,NA
"/home/marce/Dropbox/courses_and_workshops/Bioacoustics/PRSTATS_BR_2025/examples/inquiry","1_ch3.wav","1_ch3.wav",8800218,NA
"/home/marce/Dropbox/courses_and_workshops/Bioacoustics/PRSTATS_BR_2025/examples/inquiry","1_ch4-1.wav","1_ch4-1.wav",8530218,NA
"/home/marce/Dropbox/courses_and_workshops/Bioacoustics/PRSTATS_BR_2025/examples/inquiry","1_ch4.wav","1_ch4.wav",8800218,NA
"/home/marce/Dropbox/courses_and_workshops/Bioacoustics/PRSTATS_BR_2025/examples/inquiry","2_ch1-1.wav","2_ch1-1.wav",8648182,NA
"/home/marce/Dropbox/courses_and_workshops/Bioacoustics/PRSTATS_BR_2025/examples/inquiry","2_ch1.wav","2_ch1.wav",8918182,NA
"/home/marce/Dropbox/courses_and_workshops/Bioacoustics/PRSTATS_BR_2025/examples/inquiry","2_ch2-1.wav","2_ch2-1.wav",8648182,NA
"/home/marce/Dropbox/courses_and_workshops/Bioacoustics/PRSTATS_BR_2025/examples/inquiry","2_ch2.wav","2_ch2.wav",8918182,NA
"/home/marce/Dropbox/courses_and_workshops/Bioacoustics/PRSTATS_BR_2025/examples/inquiry","2_ch3-1.wav","2_ch3-1.wav",8648182,NA
"/home/marce/Dropbox/courses_and_workshops/Bioacoustics/PRSTATS_BR_2025/examples/inquiry","2_ch3.wav","2_ch3.wav",8918182,NA
"/home/marce/Dropbox/courses_and_workshops/Bioacoustics/PRSTATS_BR_2025/examples/inquiry","2_ch4-1.wav","2_ch4-1.wav",8648182,NA
"/home/marce/Dropbox/courses_and_workshops/Bioacoustics/PRSTATS_BR_2025/examples/inquiry","2_ch4.wav","2_ch4.wav",8918182,NA
"/home/marce/Dropbox/courses_and_workshops/Bioacoustics/PRSTATS_BR_2025/examples/bat_inquiry","22473986.wav","22473986.wav",8800218,NA
"/home/marce/Dropbox/courses_and_workshops/Bioacoustics/PRSTATS_BR_2025/examples/bat_inquiry","22474022.wav","22474022.wav",8918182,NA
"/home/marce/Dropbox/courses_and_workshops/Bioacoustics/PRSTATS_BR_2025/examples/bat_inquiry","22474586.wav","22474586.wav",8800218,NA
"/home/marce/Dropbox/courses_and_workshops/Bioacoustics/PRSTATS_BR_2025/examples/bat_inquiry","22474628.wav","22474628.wav",8918182,NA
"/home/marce/Dropbox/courses_and_workshops/Bioacoustics/PRSTATS_BR_2025/examples/bat_inquiry","22495355.wav","22495355.wav",8918182,NA
"/home/marce/Dropbox/courses_and_workshops/Bioacoustics/PRSTATS_BR_2025/images","22495355.wav-1-1.jpeg","22495355.wav-1-1.jpeg",29449,NA
"/home/marce/Dropbox/courses_and_workshops/Bioacoustics/PRSTATS_BR_2025/images","22495355.wav-1-10.jpeg","22495355.wav-1-10.jpeg",21771,NA
"/home/marce/Dropbox/courses_and_workshops/Bioacoustics/PRSTATS_BR_2025/images","22495355.wav-1-11.jpeg","22495355.wav-1-11.jpeg",22767,NA
"/home/marce/Dropbox/courses_and_workshops/Bioacoustics/PRSTATS_BR_2025/images","22495355.wav-1-12.jpeg","22495355.wav-1-12.jpeg",22534,NA
"/home/marce/Dropbox/courses_and_workshops/Bioacoustics/PRSTATS_BR_2025/images","22495355.wav-1-13.jpeg","22495355.wav-1-13.jpeg",22973,NA
"/home/marce/Dropbox/courses_and_workshops/Bioacoustics/PRSTATS_BR_2025/images","22495355.wav-1-14.jpeg","22495355.wav-1-14.jpeg",23025,NA
"/home/marce/Dropbox/courses_and_workshops/Bioacoustics/PRSTATS_BR_2025/images","22495355.wav-1-15.jpeg","22495355.wav-1-15.jpeg",22700,NA
"/home/marce/Dropbox/courses_and_workshops/Bioacoustics/PRSTATS_BR_2025/images","22495355.wav-1-16.jpeg","22495355.wav-1-16.jpeg",23047,NA
"/home/marce/Dropbox/courses_and_workshops/Bioacoustics/PRSTATS_BR_2025/images","22495355.wav-1-17.jpeg","22495355.wav-1-17.jpeg",22061,NA
"/home/marce/Dropbox/courses_and_workshops/Bioacoustics/PRSTATS_BR_2025/images","22495355.wav-1-18.jpeg","22495355.wav-1-18.jpeg",23160,NA
"/home/marce/Dropbox/courses_and_workshops/Bioacoustics/PRSTATS_BR_2025/images","22495355.wav-1-19.jpeg","22495355.wav-1-19.jpeg",23039,NA
"/home/marce/Dropbox/courses_and_workshops/Bioacoustics/PRSTATS_BR_2025/images","22495355.wav-1-2.jpeg","22495355.wav-1-2.jpeg",21083,NA
"/home/marce/Dropbox/courses_and_workshops/Bioacoustics/PRSTATS_BR_2025/images","22495355.wav-1-20.jpeg","22495355.wav-1-20.jpeg",21556,NA
"/home/marce/Dropbox/courses_and_workshops/Bioacoustics/PRSTATS_BR_2025/images","22495355.wav-1-21.jpeg","22495355.wav-1-21.jpeg",23458,NA
"/home/marce/Dropbox/courses_and_workshops/Bioacoustics/PRSTATS_BR_2025/images","22495355.wav-1-22.jpeg","22495355.wav-1-22.jpeg",22553,NA
"/home/marce/Dropbox/courses_and_workshops/Bioacoustics/PRSTATS_BR_2025/images","22495355.wav-1-23.jpeg","22495355.wav-1-23.jpeg",22754,NA
"/home/marce/Dropbox/courses_and_workshops/Bioacoustics/PRSTATS_BR_2025/images","22495355.wav-1-24.jpeg","22495355.wav-1-24.jpeg",23076,NA
"/home/marce/Dropbox/courses_and_workshops/Bioacoustics/PRSTATS_BR_2025/images","22495355.wav-1-25.jpeg","22495355.wav-1-25.jpeg",21836,NA
"/home/marce/Dropbox/courses_and_workshops/Bioacoustics/PRSTATS_BR_2025/images","22495355.wav-1-3.jpeg","22495355.wav-1-3.jpeg",22231,NA
"/home/marce/Dropbox/courses_and_workshops/Bioacoustics/PRSTATS_BR_2025/images","22495355.wav-1-4.jpeg","22495355.wav-1-4.jpeg",22258,NA
"/home/marce/Dropbox/courses_and_workshops/Bioacoustics/PRSTATS_BR_2025/images","22495355.wav-1-5.jpeg","22495355.wav-1-5.jpeg",21909,NA
"/home/marce/Dropbox/courses_and_workshops/Bioacoustics/PRSTATS_BR_2025/images","22495355.wav-1-6.jpeg","22495355.wav-1-6.jpeg",22243,NA
"/home/marce/Dropbox/courses_and_workshops/Bioacoustics/PRSTATS_BR_2025/images","22495355.wav-1-7.jpeg","22495355.wav-1-7.jpeg",21505,NA
"/home/marce/Dropbox/courses_and_workshops/Bioacoustics/PRSTATS_BR_2025/images","22495355.wav-1-8.jpeg","22495355.wav-1-8.jpeg",22175,NA
"/home/marce/Dropbox/courses_and_workshops/Bioacoustics/PRSTATS_BR_2025/images","22495355.wav-1-9.jpeg","22495355.wav-1-9.jpeg",22792,NA
"/home/marce/Dropbox/courses_and_workshops/Bioacoustics/PRSTATS_BR_2025/examples/bat_inquiry","22495364.wav","22495364.wav",5408730,NA
"/home/marce/Dropbox/courses_and_workshops/Bioacoustics/PRSTATS_BR_2025/examples/bat_inquiry","22495397.wav","22495397.wav",8800218,NA
"/home/marce/Dropbox/courses_and_workshops/Bioacoustics/PRSTATS_BR_2025/images","22495397.wav-1-1.jpeg","22495397.wav-1-1.jpeg",21429,NA
"/home/marce/Dropbox/courses_and_workshops/Bioacoustics/PRSTATS_BR_2025/images","22495397.wav-1-10.jpeg","22495397.wav-1-10.jpeg",22611,NA
"/home/marce/Dropbox/courses_and_workshops/Bioacoustics/PRSTATS_BR_2025/images","22495397.wav-1-100.jpeg","22495397.wav-1-100.jpeg",22635,NA
"/home/marce/Dropbox/courses_and_workshops/Bioacoustics/PRSTATS_BR_2025/images","22495397.wav-1-101.jpeg","22495397.wav-1-101.jpeg",22924,NA
"/home/marce/Dropbox/courses_and_workshops/Bioacoustics/PRSTATS_BR_2025/images","22495397.wav-1-102.jpeg","22495397.wav-1-102.jpeg",23024,NA
"/home/marce/Dropbox/courses_and_workshops/Bioacoustics/PRSTATS_BR_2025/images","22495397.wav-1-103.jpeg","22495397.wav-1-103.jpeg",23744,NA
"/home/marce/Dropbox/courses_and_workshops/Bioacoustics/PRSTATS_BR_2025/images","22495397.wav-1-104.jpeg","22495397.wav-1-104.jpeg",22905,NA
"/home/marce/Dropbox/courses_and_workshops/Bioacoustics/PRSTATS_BR_2025/images","22495397.wav-1-105.jpeg","22495397.wav-1-105.jpeg",22879,NA
"/home/marce/Dropbox/courses_and_workshops/Bioacoustics/PRSTATS_BR_2025/images","22495397.wav-1-106.jpeg","22495397.wav-1-106.jpeg",21949,NA
"/home/marce/Dropbox/courses_and_workshops/Bioacoustics/PRSTATS_BR_2025/images","22495397.wav-1-107.jpeg","22495397.wav-1-107.jpeg",22079,NA
"/home/marce/Dropbox/courses_and_workshops/Bioacoustics/PRSTATS_BR_2025/images","22495397.wav-1-108.jpeg","22495397.wav-1-108.jpeg",20750,NA
"/home/marce/Dropbox/courses_and_workshops/Bioacoustics/PRSTATS_BR_2025/images","22495397.wav-1-109.jpeg","22495397.wav-1-109.jpeg",23055,NA
"/home/marce/Dropbox/courses_and_workshops/Bioacoustics/PRSTATS_BR_2025/images","22495397.wav-1-11.jpeg","22495397.wav-1-11.jpeg",23486,NA
"/home/marce/Dropbox/courses_and_workshops/Bioacoustics/PRSTATS_BR_2025/images","22495397.wav-1-110.jpeg","22495397.wav-1-110.jpeg",22209,NA
"/home/marce/Dropbox/courses_and_workshops/Bioacoustics/PRSTATS_BR_2025/images","22495397.wav-1-111.jpeg","22495397.wav-1-111.jpeg",22540,NA
"/home/marce/Dropbox/courses_and_workshops/Bioacoustics/PRSTATS_BR_2025/images","22495397.wav-1-112.jpeg","22495397.wav-1-112.jpeg",23276,NA
"/home/marce/Dropbox/courses_and_workshops/Bioacoustics/PRSTATS_BR_2025/images","22495397.wav-1-113.jpeg","22495397.wav-1-113.jpeg",22885,NA
"/home/marce/Dropbox/courses_and_workshops/Bioacoustics/PRSTATS_BR_2025/images","22495397.wav-1-114.jpeg","22495397.wav-1-114.jpeg",22382,NA
"/home/marce/Dropbox/courses_and_workshops/Bioacoustics/PRSTATS_BR_2025/images","22495397.wav-1-115.jpeg","22495397.wav-1-115.jpeg",22937,NA
"/home/marce/Dropbox/courses_and_workshops/Bioacoustics/PRSTATS_BR_2025/images","22495397.wav-1-116.jpeg","22495397.wav-1-116.jpeg",22098,NA
"/home/marce/Dropbox/courses_and_workshops/Bioacoustics/PRSTATS_BR_2025/images","22495397.wav-1-117.jpeg","22495397.wav-1-117.jpeg",23106,NA
"/home/marce/Dropbox/courses_and_workshops/Bioacoustics/PRSTATS_BR_2025/images","22495397.wav-1-118.jpeg","22495397.wav-1-118.jpeg",22412,NA
"/home/marce/Dropbox/courses_and_workshops/Bioacoustics/PRSTATS_BR_2025/images","22495397.wav-1-119.jpeg","22495397.wav-1-119.jpeg",22997,NA
"/home/marce/Dropbox/courses_and_workshops/Bioacoustics/PRSTATS_BR_2025/images","22495397.wav-1-12.jpeg","22495397.wav-1-12.jpeg",22720,NA
"/home/marce/Dropbox/courses_and_workshops/Bioacoustics/PRSTATS_BR_2025/images","22495397.wav-1-120.jpeg","22495397.wav-1-120.jpeg",21092,NA
"/home/marce/Dropbox/courses_and_workshops/Bioacoustics/PRSTATS_BR_2025/images","22495397.wav-1-121.jpeg","22495397.wav-1-121.jpeg",23606,NA
"/home/marce/Dropbox/courses_and_workshops/Bioacoustics/PRSTATS_BR_2025/images","22495397.wav-1-122.jpeg","22495397.wav-1-122.jpeg",22992,NA
"/home/marce/Dropbox/courses_and_workshops/Bioacoustics/PRSTATS_BR_2025/images","22495397.wav-1-123.jpeg","22495397.wav-1-123.jpeg",23482,NA
"/home/marce/Dropbox/courses_and_workshops/Bioacoustics/PRSTATS_BR_2025/images","22495397.wav-1-124.jpeg","22495397.wav-1-124.jpeg",23516,NA
"/home/marce/Dropbox/courses_and_workshops/Bioacoustics/PRSTATS_BR_2025/images","22495397.wav-1-125.jpeg","22495397.wav-1-125.jpeg",22906,NA
"/home/marce/Dropbox/courses_and_workshops/Bioacoustics/PRSTATS_BR_2025/images","22495397.wav-1-126.jpeg","22495397.wav-1-126.jpeg",23233,NA
"/home/marce/Dropbox/courses_and_workshops/Bioacoustics/PRSTATS_BR_2025/images","22495397.wav-1-127.jpeg","22495397.wav-1-127.jpeg",22869,NA
"/home/marce/Dropbox/courses_and_workshops/Bioacoustics/PRSTATS_BR_2025/images","22495397.wav-1-128.jpeg","22495397.wav-1-128.jpeg",23143,NA
"/home/marce/Dropbox/courses_and_workshops/Bioacoustics/PRSTATS_BR_2025/images","22495397.wav-1-129.jpeg","22495397.wav-1-129.jpeg",22352,NA
"/home/marce/Dropbox/courses_and_workshops/Bioacoustics/PRSTATS_BR_2025/images","22495397.wav-1-13.jpeg","22495397.wav-1-13.jpeg",23293,NA
"/home/marce/Dropbox/courses_and_workshops/Bioacoustics/PRSTATS_BR_2025/images","22495397.wav-1-130.jpeg","22495397.wav-1-130.jpeg",23435,NA
"/home/marce/Dropbox/courses_and_workshops/Bioacoustics/PRSTATS_BR_2025/images","22495397.wav-1-131.jpeg","22495397.wav-1-131.jpeg",23591,NA
"/home/marce/Dropbox/courses_and_workshops/Bioacoustics/PRSTATS_BR_2025/images","22495397.wav-1-132.jpeg","22495397.wav-1-132.jpeg",22366,NA
"/home/marce/Dropbox/courses_and_workshops/Bioacoustics/PRSTATS_BR_2025/images","22495397.wav-1-133.jpeg","22495397.wav-1-133.jpeg",21994,NA
"/home/marce/Dropbox/courses_and_workshops/Bioacoustics/PRSTATS_BR_2025/images","22495397.wav-1-134.jpeg","22495397.wav-1-134.jpeg",22517,NA
"/home/marce/Dropbox/courses_and_workshops/Bioacoustics/PRSTATS_BR_2025/images","22495397.wav-1-135.jpeg","22495397.wav-1-135.jpeg",21951,NA
"/home/marce/Dropbox/courses_and_workshops/Bioacoustics/PRSTATS_BR_2025/images","22495397.wav-1-136.jpeg","22495397.wav-1-136.jpeg",21982,NA
"/home/marce/Dropbox/courses_and_workshops/Bioacoustics/PRSTATS_BR_2025/images","22495397.wav-1-137.jpeg","22495397.wav-1-137.jpeg",22606,NA
"/home/marce/Dropbox/courses_and_workshops/Bioacoustics/PRSTATS_BR_2025/images","22495397.wav-1-138.jpeg","22495397.wav-1-138.jpeg",22559,NA
"/home/marce/Dropbox/courses_and_workshops/Bioacoustics/PRSTATS_BR_2025/images","22495397.wav-1-14.jpeg","22495397.wav-1-14.jpeg",22228,NA
"/home/marce/Dropbox/courses_and_workshops/Bioacoustics/PRSTATS_BR_2025/images","22495397.wav-1-15.jpeg","22495397.wav-1-15.jpeg",22852,NA
"/home/marce/Dropbox/courses_and_workshops/Bioacoustics/PRSTATS_BR_2025/images","22495397.wav-1-16.jpeg","22495397.wav-1-16.jpeg",22802,NA
"/home/marce/Dropbox/courses_and_workshops/Bioacoustics/PRSTATS_BR_2025/images","22495397.wav-1-17.jpeg","22495397.wav-1-17.jpeg",22752,NA
"/home/marce/Dropbox/courses_and_workshops/Bioacoustics/PRSTATS_BR_2025/images","22495397.wav-1-18.jpeg","22495397.wav-1-18.jpeg",22966,NA
"/home/marce/Dropbox/courses_and_workshops/Bioacoustics/PRSTATS_BR_2025/images","22495397.wav-1-19.jpeg","22495397.wav-1-19.jpeg",22377,NA
"/home/marce/Dropbox/courses_and_workshops/Bioacoustics/PRSTATS_BR_2025/images","22495397.wav-1-2.jpeg","22495397.wav-1-2.jpeg",21079,NA
"/home/marce/Dropbox/courses_and_workshops/Bioacoustics/PRSTATS_BR_2025/images","22495397.wav-1-20.jpeg","22495397.wav-1-20.jpeg",23140,NA
"/home/marce/Dropbox/courses_and_workshops/Bioacoustics/PRSTATS_BR_2025/images","22495397.wav-1-21.jpeg","22495397.wav-1-21.jpeg",23000,NA
"/home/marce/Dropbox/courses_and_workshops/Bioacoustics/PRSTATS_BR_2025/images","22495397.wav-1-22.jpeg","22495397.wav-1-22.jpeg",22268,NA
"/home/marce/Dropbox/courses_and_workshops/Bioacoustics/PRSTATS_BR_2025/images","22495397.wav-1-23.jpeg","22495397.wav-1-23.jpeg",22549,NA
"/home/marce/Dropbox/courses_and_workshops/Bioacoustics/PRSTATS_BR_2025/images","22495397.wav-1-24.jpeg","22495397.wav-1-24.jpeg",22537,NA
"/home/marce/Dropbox/courses_and_workshops/Bioacoustics/PRSTATS_BR_2025/images","22495397.wav-1-25.jpeg","22495397.wav-1-25.jpeg",23514,NA
"/home/marce/Dropbox/courses_and_workshops/Bioacoustics/PRSTATS_BR_2025/images","22495397.wav-1-26.jpeg","22495397.wav-1-26.jpeg",23387,NA
"/home/marce/Dropbox/courses_and_workshops/Bioacoustics/PRSTATS_BR_2025/images","22495397.wav-1-27.jpeg","22495397.wav-1-27.jpeg",23421,NA
"/home/marce/Dropbox/courses_and_workshops/Bioacoustics/PRSTATS_BR_2025/images","22495397.wav-1-28.jpeg","22495397.wav-1-28.jpeg",22416,NA
"/home/marce/Dropbox/courses_and_workshops/Bioacoustics/PRSTATS_BR_2025/images","22495397.wav-1-29.jpeg","22495397.wav-1-29.jpeg",23164,NA
"/home/marce/Dropbox/courses_and_workshops/Bioacoustics/PRSTATS_BR_2025/images","22495397.wav-1-3.jpeg","22495397.wav-1-3.jpeg",22605,NA
"/home/marce/Dropbox/courses_and_workshops/Bioacoustics/PRSTATS_BR_2025/images","22495397.wav-1-30.jpeg","22495397.wav-1-30.jpeg",22396,NA
"/home/marce/Dropbox/courses_and_workshops/Bioacoustics/PRSTATS_BR_2025/images","22495397.wav-1-31.jpeg","22495397.wav-1-31.jpeg",22007,NA
"/home/marce/Dropbox/courses_and_workshops/Bioacoustics/PRSTATS_BR_2025/images","22495397.wav-1-32.jpeg","22495397.wav-1-32.jpeg",22563,NA
"/home/marce/Dropbox/courses_and_workshops/Bioacoustics/PRSTATS_BR_2025/images","22495397.wav-1-33.jpeg","22495397.wav-1-33.jpeg",21350,NA
"/home/marce/Dropbox/courses_and_workshops/Bioacoustics/PRSTATS_BR_2025/images","22495397.wav-1-34.jpeg","22495397.wav-1-34.jpeg",22537,NA
"/home/marce/Dropbox/courses_and_workshops/Bioacoustics/PRSTATS_BR_2025/images","22495397.wav-1-35.jpeg","22495397.wav-1-35.jpeg",23004,NA
"/home/marce/Dropbox/courses_and_workshops/Bioacoustics/PRSTATS_BR_2025/images","22495397.wav-1-36.jpeg","22495397.wav-1-36.jpeg",22674,NA
"/home/marce/Dropbox/courses_and_workshops/Bioacoustics/PRSTATS_BR_2025/images","22495397.wav-1-37.jpeg","22495397.wav-1-37.jpeg",22815,NA
"/home/marce/Dropbox/courses_and_workshops/Bioacoustics/PRSTATS_BR_2025/images","22495397.wav-1-38.jpeg","22495397.wav-1-38.jpeg",23281,NA
"/home/marce/Dropbox/courses_and_workshops/Bioacoustics/PRSTATS_BR_2025/images","22495397.wav-1-39.jpeg","22495397.wav-1-39.jpeg",22562,NA
"/home/marce/Dropbox/courses_and_workshops/Bioacoustics/PRSTATS_BR_2025/images","22495397.wav-1-4.jpeg","22495397.wav-1-4.jpeg",21268,NA
"/home/marce/Dropbox/courses_and_workshops/Bioacoustics/PRSTATS_BR_2025/images","22495397.wav-1-40.jpeg","22495397.wav-1-40.jpeg",22394,NA
"/home/marce/Dropbox/courses_and_workshops/Bioacoustics/PRSTATS_BR_2025/images","22495397.wav-1-41.jpeg","22495397.wav-1-41.jpeg",22915,NA
"/home/marce/Dropbox/courses_and_workshops/Bioacoustics/PRSTATS_BR_2025/images","22495397.wav-1-42.jpeg","22495397.wav-1-42.jpeg",22135,NA
"/home/marce/Dropbox/courses_and_workshops/Bioacoustics/PRSTATS_BR_2025/images","22495397.wav-1-43.jpeg","22495397.wav-1-43.jpeg",22198,NA
"/home/marce/Dropbox/courses_and_workshops/Bioacoustics/PRSTATS_BR_2025/images","22495397.wav-1-44.jpeg","22495397.wav-1-44.jpeg",22481,NA
"/home/marce/Dropbox/courses_and_workshops/Bioacoustics/PRSTATS_BR_2025/images","22495397.wav-1-45.jpeg","22495397.wav-1-45.jpeg",22985,NA
"/home/marce/Dropbox/courses_and_workshops/Bioacoustics/PRSTATS_BR_2025/images","22495397.wav-1-46.jpeg","22495397.wav-1-46.jpeg",23268,NA
"/home/marce/Dropbox/courses_and_workshops/Bioacoustics/PRSTATS_BR_2025/images","22495397.wav-1-47.jpeg","22495397.wav-1-47.jpeg",22871,NA
"/home/marce/Dropbox/courses_and_workshops/Bioacoustics/PRSTATS_BR_2025/images","22495397.wav-1-48.jpeg","22495397.wav-1-48.jpeg",23007,NA
"/home/marce/Dropbox/courses_and_workshops/Bioacoustics/PRSTATS_BR_2025/images","22495397.wav-1-49.jpeg","22495397.wav-1-49.jpeg",23297,NA
"/home/marce/Dropbox/courses_and_workshops/Bioacoustics/PRSTATS_BR_2025/images","22495397.wav-1-5.jpeg","22495397.wav-1-5.jpeg",22419,NA
"/home/marce/Dropbox/courses_and_workshops/Bioacoustics/PRSTATS_BR_2025/images","22495397.wav-1-50.jpeg","22495397.wav-1-50.jpeg",22382,NA
"/home/marce/Dropbox/courses_and_workshops/Bioacoustics/PRSTATS_BR_2025/images","22495397.wav-1-51.jpeg","22495397.wav-1-51.jpeg",23127,NA
"/home/marce/Dropbox/courses_and_workshops/Bioacoustics/PRSTATS_BR_2025/images","22495397.wav-1-52.jpeg","22495397.wav-1-52.jpeg",23041,NA
"/home/marce/Dropbox/courses_and_workshops/Bioacoustics/PRSTATS_BR_2025/images","22495397.wav-1-53.jpeg","22495397.wav-1-53.jpeg",23419,NA
"/home/marce/Dropbox/courses_and_workshops/Bioacoustics/PRSTATS_BR_2025/images","22495397.wav-1-54.jpeg","22495397.wav-1-54.jpeg",22567,NA
"/home/marce/Dropbox/courses_and_workshops/Bioacoustics/PRSTATS_BR_2025/images","22495397.wav-1-55.jpeg","22495397.wav-1-55.jpeg",23333,NA
"/home/marce/Dropbox/courses_and_workshops/Bioacoustics/PRSTATS_BR_2025/images","22495397.wav-1-56.jpeg","22495397.wav-1-56.jpeg",22603,NA
"/home/marce/Dropbox/courses_and_workshops/Bioacoustics/PRSTATS_BR_2025/images","22495397.wav-1-57.jpeg","22495397.wav-1-57.jpeg",23065,NA
"/home/marce/Dropbox/courses_and_workshops/Bioacoustics/PRSTATS_BR_2025/images","22495397.wav-1-58.jpeg","22495397.wav-1-58.jpeg",22761,NA
"/home/marce/Dropbox/courses_and_workshops/Bioacoustics/PRSTATS_BR_2025/images","22495397.wav-1-59.jpeg","22495397.wav-1-59.jpeg",22568,NA
"/home/marce/Dropbox/courses_and_workshops/Bioacoustics/PRSTATS_BR_2025/images","22495397.wav-1-6.jpeg","22495397.wav-1-6.jpeg",20561,NA
"/home/marce/Dropbox/courses_and_workshops/Bioacoustics/PRSTATS_BR_2025/images","22495397.wav-1-60.jpeg","22495397.wav-1-60.jpeg",23143,NA
"/home/marce/Dropbox/courses_and_workshops/Bioacoustics/PRSTATS_BR_2025/images","22495397.wav-1-61.jpeg","22495397.wav-1-61.jpeg",24095,NA
"/home/marce/Dropbox/courses_and_workshops/Bioacoustics/PRSTATS_BR_2025/images","22495397.wav-1-62.jpeg","22495397.wav-1-62.jpeg",23106,NA
"/home/marce/Dropbox/courses_and_workshops/Bioacoustics/PRSTATS_BR_2025/images","22495397.wav-1-63.jpeg","22495397.wav-1-63.jpeg",23657,NA
"/home/marce/Dropbox/courses_and_workshops/Bioacoustics/PRSTATS_BR_2025/images","22495397.wav-1-64.jpeg","22495397.wav-1-64.jpeg",21887,NA
"/home/marce/Dropbox/courses_and_workshops/Bioacoustics/PRSTATS_BR_2025/images","22495397.wav-1-65.jpeg","22495397.wav-1-65.jpeg",22507,NA
"/home/marce/Dropbox/courses_and_workshops/Bioacoustics/PRSTATS_BR_2025/images","22495397.wav-1-66.jpeg","22495397.wav-1-66.jpeg",22341,NA
"/home/marce/Dropbox/courses_and_workshops/Bioacoustics/PRSTATS_BR_2025/images","22495397.wav-1-67.jpeg","22495397.wav-1-67.jpeg",22338,NA
"/home/marce/Dropbox/courses_and_workshops/Bioacoustics/PRSTATS_BR_2025/images","22495397.wav-1-68.jpeg","22495397.wav-1-68.jpeg",21923,NA
"/home/marce/Dropbox/courses_and_workshops/Bioacoustics/PRSTATS_BR_2025/images","22495397.wav-1-69.jpeg","22495397.wav-1-69.jpeg",22655,NA
"/home/marce/Dropbox/courses_and_workshops/Bioacoustics/PRSTATS_BR_2025/images","22495397.wav-1-7.jpeg","22495397.wav-1-7.jpeg",22086,NA
"/home/marce/Dropbox/courses_and_workshops/Bioacoustics/PRSTATS_BR_2025/images","22495397.wav-1-70.jpeg","22495397.wav-1-70.jpeg",23095,NA
"/home/marce/Dropbox/courses_and_workshops/Bioacoustics/PRSTATS_BR_2025/images","22495397.wav-1-71.jpeg","22495397.wav-1-71.jpeg",22783,NA
"/home/marce/Dropbox/courses_and_workshops/Bioacoustics/PRSTATS_BR_2025/images","22495397.wav-1-72.jpeg","22495397.wav-1-72.jpeg",22872,NA
"/home/marce/Dropbox/courses_and_workshops/Bioacoustics/PRSTATS_BR_2025/images","22495397.wav-1-73.jpeg","22495397.wav-1-73.jpeg",22747,NA
"/home/marce/Dropbox/courses_and_workshops/Bioacoustics/PRSTATS_BR_2025/images","22495397.wav-1-74.jpeg","22495397.wav-1-74.jpeg",22120,NA
"/home/marce/Dropbox/courses_and_workshops/Bioacoustics/PRSTATS_BR_2025/images","22495397.wav-1-75.jpeg","22495397.wav-1-75.jpeg",23670,NA
"/home/marce/Dropbox/courses_and_workshops/Bioacoustics/PRSTATS_BR_2025/images","22495397.wav-1-76.jpeg","22495397.wav-1-76.jpeg",23078,NA
"/home/marce/Dropbox/courses_and_workshops/Bioacoustics/PRSTATS_BR_2025/images","22495397.wav-1-77.jpeg","22495397.wav-1-77.jpeg",22866,NA
"/home/marce/Dropbox/courses_and_workshops/Bioacoustics/PRSTATS_BR_2025/images","22495397.wav-1-78.jpeg","22495397.wav-1-78.jpeg",23525,NA
"/home/marce/Dropbox/courses_and_workshops/Bioacoustics/PRSTATS_BR_2025/images","22495397.wav-1-79.jpeg","22495397.wav-1-79.jpeg",23416,NA
"/home/marce/Dropbox/courses_and_workshops/Bioacoustics/PRSTATS_BR_2025/images","22495397.wav-1-8.jpeg","22495397.wav-1-8.jpeg",22020,NA
"/home/marce/Dropbox/courses_and_workshops/Bioacoustics/PRSTATS_BR_2025/images","22495397.wav-1-80.jpeg","22495397.wav-1-80.jpeg",23294,NA
"/home/marce/Dropbox/courses_and_workshops/Bioacoustics/PRSTATS_BR_2025/images","22495397.wav-1-81.jpeg","22495397.wav-1-81.jpeg",23085,NA
"/home/marce/Dropbox/courses_and_workshops/Bioacoustics/PRSTATS_BR_2025/images","22495397.wav-1-82.jpeg","22495397.wav-1-82.jpeg",23274,NA
"/home/marce/Dropbox/courses_and_workshops/Bioacoustics/PRSTATS_BR_2025/images","22495397.wav-1-83.jpeg","22495397.wav-1-83.jpeg",22493,NA
"/home/marce/Dropbox/courses_and_workshops/Bioacoustics/PRSTATS_BR_2025/images","22495397.wav-1-84.jpeg","22495397.wav-1-84.jpeg",23004,NA
"/home/marce/Dropbox/courses_and_workshops/Bioacoustics/PRSTATS_BR_2025/images","22495397.wav-1-85.jpeg","22495397.wav-1-85.jpeg",22691,NA
"/home/marce/Dropbox/courses_and_workshops/Bioacoustics/PRSTATS_BR_2025/images","22495397.wav-1-86.jpeg","22495397.wav-1-86.jpeg",23318,NA
"/home/marce/Dropbox/courses_and_workshops/Bioacoustics/PRSTATS_BR_2025/images","22495397.wav-1-87.jpeg","22495397.wav-1-87.jpeg",22458,NA
"/home/marce/Dropbox/courses_and_workshops/Bioacoustics/PRSTATS_BR_2025/images","22495397.wav-1-88.jpeg","22495397.wav-1-88.jpeg",23339,NA
"/home/marce/Dropbox/courses_and_workshops/Bioacoustics/PRSTATS_BR_2025/images","22495397.wav-1-89.jpeg","22495397.wav-1-89.jpeg",23155,NA
"/home/marce/Dropbox/courses_and_workshops/Bioacoustics/PRSTATS_BR_2025/images","22495397.wav-1-9.jpeg","22495397.wav-1-9.jpeg",22510,NA
"/home/marce/Dropbox/courses_and_workshops/Bioacoustics/PRSTATS_BR_2025/images","22495397.wav-1-90.jpeg","22495397.wav-1-90.jpeg",22434,NA
"/home/marce/Dropbox/courses_and_workshops/Bioacoustics/PRSTATS_BR_2025/images","22495397.wav-1-91.jpeg","22495397.wav-1-91.jpeg",22990,NA
"/home/marce/Dropbox/courses_and_workshops/Bioacoustics/PRSTATS_BR_2025/images","22495397.wav-1-92.jpeg","22495397.wav-1-92.jpeg",22165,NA
"/home/marce/Dropbox/courses_and_workshops/Bioacoustics/PRSTATS_BR_2025/images","22495397.wav-1-93.jpeg","22495397.wav-1-93.jpeg",23067,NA
"/home/marce/Dropbox/courses_and_workshops/Bioacoustics/PRSTATS_BR_2025/images","22495397.wav-1-94.jpeg","22495397.wav-1-94.jpeg",21659,NA
"/home/marce/Dropbox/courses_and_workshops/Bioacoustics/PRSTATS_BR_2025/images","22495397.wav-1-95.jpeg","22495397.wav-1-95.jpeg",22473,NA
"/home/marce/Dropbox/courses_and_workshops/Bioacoustics/PRSTATS_BR_2025/images","22495397.wav-1-96.jpeg","22495397.wav-1-96.jpeg",22993,NA
"/home/marce/Dropbox/courses_and_workshops/Bioacoustics/PRSTATS_BR_2025/images","22495397.wav-1-97.jpeg","22495397.wav-1-97.jpeg",23061,NA
"/home/marce/Dropbox/courses_and_workshops/Bioacoustics/PRSTATS_BR_2025/images","22495397.wav-1-98.jpeg","22495397.wav-1-98.jpeg",22728,NA
"/home/marce/Dropbox/courses_and_workshops/Bioacoustics/PRSTATS_BR_2025/images","22495397.wav-1-99.jpeg","22495397.wav-1-99.jpeg",21845,NA
"/home/marce/Dropbox/courses_and_workshops/Bioacoustics/PRSTATS_BR_2025/examples/bat_inquiry","22495409.wav","22495409.wav",17305480,NA
"/home/marce/Dropbox/courses_and_workshops/Bioacoustics/PRSTATS_BR_2025/examples/more_bats","22496495.wav","22496495.wav",24023576,NA
"/home/marce/Dropbox/courses_and_workshops/Bioacoustics/PRSTATS_BR_2025/examples/more_bats","22496522 (DESKTOP-477DGEC's conflicted copy 2020-07-06).wav","22496522 (DESKTOP-477DGEC's conflicted copy 2020-07-06).wav",1496148,NA
"/home/marce/Dropbox/courses_and_workshops/Bioacoustics/PRSTATS_BR_2025/examples/more_bats","22496522.wav","22496522.wav",23215516,NA
"/home/marce/Dropbox/courses_and_workshops/Bioacoustics/PRSTATS_BR_2025/examples/more_bats","22496528.wav","22496528.wav",24524926,NA
"/home/marce/Dropbox/courses_and_workshops/Bioacoustics/PRSTATS_BR_2025/examples/more_bats","22496582 (DESKTOP-477DGEC's conflicted copy 2020-07-06).wav","22496582 (DESKTOP-477DGEC's conflicted copy 2020-07-06).wav",68717059,NA
"/home/marce/Dropbox/courses_and_workshops/Bioacoustics/PRSTATS_BR_2025/examples/more_bats","22496582.wav","22496582.wav",68578880,NA
"/home/marce/Dropbox/courses_and_workshops/Bioacoustics/PRSTATS_BR_2025/examples/bat_inquiry","22496585.wav","22496585.wav",8918182,NA
"/home/marce/Dropbox/courses_and_workshops/Bioacoustics/PRSTATS_BR_2025/images","22496585.wav-1-1.jpeg","22496585.wav-1-1.jpeg",23043,NA
"/home/marce/Dropbox/courses_and_workshops/Bioacoustics/PRSTATS_BR_2025/images","22496585.wav-1-2.jpeg","22496585.wav-1-2.jpeg",21630,NA
"/home/marce/Dropbox/courses_and_workshops/Bioacoustics/PRSTATS_BR_2025/images","22496585.wav-1-3.jpeg","22496585.wav-1-3.jpeg",22117,NA
"/home/marce/Dropbox/courses_and_workshops/Bioacoustics/PRSTATS_BR_2025/images","22496585.wav-1-4.jpeg","22496585.wav-1-4.jpeg",21925,NA
"/home/marce/Dropbox/courses_and_workshops/Bioacoustics/PRSTATS_BR_2025/images","22496585.wav-1-5.jpeg","22496585.wav-1-5.jpeg",20908,NA
"/home/marce/Dropbox/courses_and_workshops/Bioacoustics/PRSTATS_BR_2025/images","22496585.wav-1-6.jpeg","22496585.wav-1-6.jpeg",22377,NA
"/home/marce/Dropbox/courses_and_workshops/Bioacoustics/PRSTATS_BR_2025/images","22496585.wav-1-7.jpeg","22496585.wav-1-7.jpeg",21867,NA
"/home/marce/Dropbox/courses_and_workshops/Bioacoustics/PRSTATS_BR_2025/images","22496585.wav-1-8.jpeg","22496585.wav-1-8.jpeg",22365,NA
"/home/marce/Dropbox/courses_and_workshops/Bioacoustics/PRSTATS_BR_2025/examples/bat_inquiry","22496621.wav","22496621.wav",8800218,NA
"/home/marce/Dropbox/courses_and_workshops/Bioacoustics/PRSTATS_BR_2025/images","22496621.wav-1-1.jpeg","22496621.wav-1-1.jpeg",22534,NA
"/home/marce/Dropbox/courses_and_workshops/Bioacoustics/PRSTATS_BR_2025/images","22496621.wav-1-10.jpeg","22496621.wav-1-10.jpeg",22338,NA
"/home/marce/Dropbox/courses_and_workshops/Bioacoustics/PRSTATS_BR_2025/images","22496621.wav-1-100.jpeg","22496621.wav-1-100.jpeg",23335,NA
"/home/marce/Dropbox/courses_and_workshops/Bioacoustics/PRSTATS_BR_2025/images","22496621.wav-1-101.jpeg","22496621.wav-1-101.jpeg",24097,NA
"/home/marce/Dropbox/courses_and_workshops/Bioacoustics/PRSTATS_BR_2025/images","22496621.wav-1-102.jpeg","22496621.wav-1-102.jpeg",22955,NA
"/home/marce/Dropbox/courses_and_workshops/Bioacoustics/PRSTATS_BR_2025/images","22496621.wav-1-103.jpeg","22496621.wav-1-103.jpeg",23556,NA
"/home/marce/Dropbox/courses_and_workshops/Bioacoustics/PRSTATS_BR_2025/images","22496621.wav-1-104.jpeg","22496621.wav-1-104.jpeg",23481,NA
"/home/marce/Dropbox/courses_and_workshops/Bioacoustics/PRSTATS_BR_2025/images","22496621.wav-1-105.jpeg","22496621.wav-1-105.jpeg",22391,NA
"/home/marce/Dropbox/courses_and_workshops/Bioacoustics/PRSTATS_BR_2025/images","22496621.wav-1-106.jpeg","22496621.wav-1-106.jpeg",23202,NA
"/home/marce/Dropbox/courses_and_workshops/Bioacoustics/PRSTATS_BR_2025/images","22496621.wav-1-107.jpeg","22496621.wav-1-107.jpeg",23355,NA
"/home/marce/Dropbox/courses_and_workshops/Bioacoustics/PRSTATS_BR_2025/images","22496621.wav-1-108.jpeg","22496621.wav-1-108.jpeg",23098,NA
"/home/marce/Dropbox/courses_and_workshops/Bioacoustics/PRSTATS_BR_2025/images","22496621.wav-1-109.jpeg","22496621.wav-1-109.jpeg",23083,NA
"/home/marce/Dropbox/courses_and_workshops/Bioacoustics/PRSTATS_BR_2025/images","22496621.wav-1-11.jpeg","22496621.wav-1-11.jpeg",22901,NA
"/home/marce/Dropbox/courses_and_workshops/Bioacoustics/PRSTATS_BR_2025/images","22496621.wav-1-110.jpeg","22496621.wav-1-110.jpeg",22983,NA
"/home/marce/Dropbox/courses_and_workshops/Bioacoustics/PRSTATS_BR_2025/images","22496621.wav-1-111.jpeg","22496621.wav-1-111.jpeg",22110,NA
"/home/marce/Dropbox/courses_and_workshops/Bioacoustics/PRSTATS_BR_2025/images","22496621.wav-1-112.jpeg","22496621.wav-1-112.jpeg",22635,NA
"/home/marce/Dropbox/courses_and_workshops/Bioacoustics/PRSTATS_BR_2025/images","22496621.wav-1-12.jpeg","22496621.wav-1-12.jpeg",22864,NA
"/home/marce/Dropbox/courses_and_workshops/Bioacoustics/PRSTATS_BR_2025/images","22496621.wav-1-13.jpeg","22496621.wav-1-13.jpeg",22369,NA
"/home/marce/Dropbox/courses_and_workshops/Bioacoustics/PRSTATS_BR_2025/images","22496621.wav-1-14.jpeg","22496621.wav-1-14.jpeg",21918,NA
"/home/marce/Dropbox/courses_and_workshops/Bioacoustics/PRSTATS_BR_2025/images","22496621.wav-1-15.jpeg","22496621.wav-1-15.jpeg",23242,NA
"/home/marce/Dropbox/courses_and_workshops/Bioacoustics/PRSTATS_BR_2025/images","22496621.wav-1-16.jpeg","22496621.wav-1-16.jpeg",21172,NA
"/home/marce/Dropbox/courses_and_workshops/Bioacoustics/PRSTATS_BR_2025/images","22496621.wav-1-17.jpeg","22496621.wav-1-17.jpeg",22985,NA
"/home/marce/Dropbox/courses_and_workshops/Bioacoustics/PRSTATS_BR_2025/images","22496621.wav-1-18.jpeg","22496621.wav-1-18.jpeg",22928,NA
"/home/marce/Dropbox/courses_and_workshops/Bioacoustics/PRSTATS_BR_2025/images","22496621.wav-1-19.jpeg","22496621.wav-1-19.jpeg",20294,NA
"/home/marce/Dropbox/courses_and_workshops/Bioacoustics/PRSTATS_BR_2025/images","22496621.wav-1-2.jpeg","22496621.wav-1-2.jpeg",22419,NA
"/home/marce/Dropbox/courses_and_workshops/Bioacoustics/PRSTATS_BR_2025/images","22496621.wav-1-20.jpeg","22496621.wav-1-20.jpeg",23641,NA
"/home/marce/Dropbox/courses_and_workshops/Bioacoustics/PRSTATS_BR_2025/images","22496621.wav-1-21.jpeg","22496621.wav-1-21.jpeg",23325,NA
"/home/marce/Dropbox/courses_and_workshops/Bioacoustics/PRSTATS_BR_2025/images","22496621.wav-1-22.jpeg","22496621.wav-1-22.jpeg",23490,NA
"/home/marce/Dropbox/courses_and_workshops/Bioacoustics/PRSTATS_BR_2025/images","22496621.wav-1-23.jpeg","22496621.wav-1-23.jpeg",23716,NA
"/home/marce/Dropbox/courses_and_workshops/Bioacoustics/PRSTATS_BR_2025/images","22496621.wav-1-24.jpeg","22496621.wav-1-24.jpeg",21754,NA
"/home/marce/Dropbox/courses_and_workshops/Bioacoustics/PRSTATS_BR_2025/images","22496621.wav-1-25.jpeg","22496621.wav-1-25.jpeg",22994,NA
"/home/marce/Dropbox/courses_and_workshops/Bioacoustics/PRSTATS_BR_2025/images","22496621.wav-1-26.jpeg","22496621.wav-1-26.jpeg",23527,NA
"/home/marce/Dropbox/courses_and_workshops/Bioacoustics/PRSTATS_BR_2025/images","22496621.wav-1-27.jpeg","22496621.wav-1-27.jpeg",23121,NA
"/home/marce/Dropbox/courses_and_workshops/Bioacoustics/PRSTATS_BR_2025/images","22496621.wav-1-28.jpeg","22496621.wav-1-28.jpeg",23312,NA
"/home/marce/Dropbox/courses_and_workshops/Bioacoustics/PRSTATS_BR_2025/images","22496621.wav-1-29.jpeg","22496621.wav-1-29.jpeg",23533,NA
"/home/marce/Dropbox/courses_and_workshops/Bioacoustics/PRSTATS_BR_2025/images","22496621.wav-1-3.jpeg","22496621.wav-1-3.jpeg",21976,NA
"/home/marce/Dropbox/courses_and_workshops/Bioacoustics/PRSTATS_BR_2025/images","22496621.wav-1-30.jpeg","22496621.wav-1-30.jpeg",22877,NA
"/home/marce/Dropbox/courses_and_workshops/Bioacoustics/PRSTATS_BR_2025/images","22496621.wav-1-31.jpeg","22496621.wav-1-31.jpeg",22024,NA
"/home/marce/Dropbox/courses_and_workshops/Bioacoustics/PRSTATS_BR_2025/images","22496621.wav-1-32.jpeg","22496621.wav-1-32.jpeg",21590,NA
"/home/marce/Dropbox/courses_and_workshops/Bioacoustics/PRSTATS_BR_2025/images","22496621.wav-1-33.jpeg","22496621.wav-1-33.jpeg",23435,NA
"/home/marce/Dropbox/courses_and_workshops/Bioacoustics/PRSTATS_BR_2025/images","22496621.wav-1-34.jpeg","22496621.wav-1-34.jpeg",22541,NA
"/home/marce/Dropbox/courses_and_workshops/Bioacoustics/PRSTATS_BR_2025/images","22496621.wav-1-35.jpeg","22496621.wav-1-35.jpeg",23208,NA
"/home/marce/Dropbox/courses_and_workshops/Bioacoustics/PRSTATS_BR_2025/images","22496621.wav-1-36.jpeg","22496621.wav-1-36.jpeg",22396,NA
"/home/marce/Dropbox/courses_and_workshops/Bioacoustics/PRSTATS_BR_2025/images","22496621.wav-1-37.jpeg","22496621.wav-1-37.jpeg",22463,NA
"/home/marce/Dropbox/courses_and_workshops/Bioacoustics/PRSTATS_BR_2025/images","22496621.wav-1-38.jpeg","22496621.wav-1-38.jpeg",22128,NA
"/home/marce/Dropbox/courses_and_workshops/Bioacoustics/PRSTATS_BR_2025/images","22496621.wav-1-39.jpeg","22496621.wav-1-39.jpeg",23290,NA
"/home/marce/Dropbox/courses_and_workshops/Bioacoustics/PRSTATS_BR_2025/images","22496621.wav-1-4.jpeg","22496621.wav-1-4.jpeg",21570,NA
"/home/marce/Dropbox/courses_and_workshops/Bioacoustics/PRSTATS_BR_2025/images","22496621.wav-1-40.jpeg","22496621.wav-1-40.jpeg",21480,NA
"/home/marce/Dropbox/courses_and_workshops/Bioacoustics/PRSTATS_BR_2025/images","22496621.wav-1-41.jpeg","22496621.wav-1-41.jpeg",22236,NA
"/home/marce/Dropbox/courses_and_workshops/Bioacoustics/PRSTATS_BR_2025/images","22496621.wav-1-42.jpeg","22496621.wav-1-42.jpeg",22716,NA
"/home/marce/Dropbox/courses_and_workshops/Bioacoustics/PRSTATS_BR_2025/images","22496621.wav-1-43.jpeg","22496621.wav-1-43.jpeg",22247,NA
"/home/marce/Dropbox/courses_and_workshops/Bioacoustics/PRSTATS_BR_2025/images","22496621.wav-1-44.jpeg","22496621.wav-1-44.jpeg",23078,NA
"/home/marce/Dropbox/courses_and_workshops/Bioacoustics/PRSTATS_BR_2025/images","22496621.wav-1-45.jpeg","22496621.wav-1-45.jpeg",22528,NA
"/home/marce/Dropbox/courses_and_workshops/Bioacoustics/PRSTATS_BR_2025/images","22496621.wav-1-46.jpeg","22496621.wav-1-46.jpeg",23133,NA
"/home/marce/Dropbox/courses_and_workshops/Bioacoustics/PRSTATS_BR_2025/images","22496621.wav-1-47.jpeg","22496621.wav-1-47.jpeg",22362,NA
"/home/marce/Dropbox/courses_and_workshops/Bioacoustics/PRSTATS_BR_2025/images","22496621.wav-1-48.jpeg","22496621.wav-1-48.jpeg",23739,NA
"/home/marce/Dropbox/courses_and_workshops/Bioacoustics/PRSTATS_BR_2025/images","22496621.wav-1-49.jpeg","22496621.wav-1-49.jpeg",22601,NA
"/home/marce/Dropbox/courses_and_workshops/Bioacoustics/PRSTATS_BR_2025/images","22496621.wav-1-5.jpeg","22496621.wav-1-5.jpeg",22469,NA
"/home/marce/Dropbox/courses_and_workshops/Bioacoustics/PRSTATS_BR_2025/images","22496621.wav-1-50.jpeg","22496621.wav-1-50.jpeg",23538,NA
"/home/marce/Dropbox/courses_and_workshops/Bioacoustics/PRSTATS_BR_2025/images","22496621.wav-1-51.jpeg","22496621.wav-1-51.jpeg",23130,NA
"/home/marce/Dropbox/courses_and_workshops/Bioacoustics/PRSTATS_BR_2025/images","22496621.wav-1-52.jpeg","22496621.wav-1-52.jpeg",22275,NA
"/home/marce/Dropbox/courses_and_workshops/Bioacoustics/PRSTATS_BR_2025/images","22496621.wav-1-53.jpeg","22496621.wav-1-53.jpeg",22933,NA
"/home/marce/Dropbox/courses_and_workshops/Bioacoustics/PRSTATS_BR_2025/images","22496621.wav-1-54.jpeg","22496621.wav-1-54.jpeg",22915,NA
"/home/marce/Dropbox/courses_and_workshops/Bioacoustics/PRSTATS_BR_2025/images","22496621.wav-1-55.jpeg","22496621.wav-1-55.jpeg",22074,NA
"/home/marce/Dropbox/courses_and_workshops/Bioacoustics/PRSTATS_BR_2025/images","22496621.wav-1-56.jpeg","22496621.wav-1-56.jpeg",23069,NA
"/home/marce/Dropbox/courses_and_workshops/Bioacoustics/PRSTATS_BR_2025/images","22496621.wav-1-57.jpeg","22496621.wav-1-57.jpeg",23027,NA
"/home/marce/Dropbox/courses_and_workshops/Bioacoustics/PRSTATS_BR_2025/images","22496621.wav-1-58.jpeg","22496621.wav-1-58.jpeg",23489,NA
"/home/marce/Dropbox/courses_and_workshops/Bioacoustics/PRSTATS_BR_2025/images","22496621.wav-1-59.jpeg","22496621.wav-1-59.jpeg",23254,NA
"/home/marce/Dropbox/courses_and_workshops/Bioacoustics/PRSTATS_BR_2025/images","22496621.wav-1-6.jpeg","22496621.wav-1-6.jpeg",21606,NA
"/home/marce/Dropbox/courses_and_workshops/Bioacoustics/PRSTATS_BR_2025/images","22496621.wav-1-60.jpeg","22496621.wav-1-60.jpeg",22771,NA
"/home/marce/Dropbox/courses_and_workshops/Bioacoustics/PRSTATS_BR_2025/images","22496621.wav-1-61.jpeg","22496621.wav-1-61.jpeg",23376,NA
"/home/marce/Dropbox/courses_and_workshops/Bioacoustics/PRSTATS_BR_2025/images","22496621.wav-1-62.jpeg","22496621.wav-1-62.jpeg",23199,NA
"/home/marce/Dropbox/courses_and_workshops/Bioacoustics/PRSTATS_BR_2025/images","22496621.wav-1-63.jpeg","22496621.wav-1-63.jpeg",23073,NA
"/home/marce/Dropbox/courses_and_workshops/Bioacoustics/PRSTATS_BR_2025/images","22496621.wav-1-64.jpeg","22496621.wav-1-64.jpeg",22782,NA
"/home/marce/Dropbox/courses_and_workshops/Bioacoustics/PRSTATS_BR_2025/images","22496621.wav-1-65.jpeg","22496621.wav-1-65.jpeg",22329,NA
"/home/marce/Dropbox/courses_and_workshops/Bioacoustics/PRSTATS_BR_2025/images","22496621.wav-1-66.jpeg","22496621.wav-1-66.jpeg",23332,NA
"/home/marce/Dropbox/courses_and_workshops/Bioacoustics/PRSTATS_BR_2025/images","22496621.wav-1-67.jpeg","22496621.wav-1-67.jpeg",20861,NA
"/home/marce/Dropbox/courses_and_workshops/Bioacoustics/PRSTATS_BR_2025/images","22496621.wav-1-68.jpeg","22496621.wav-1-68.jpeg",21405,NA
"/home/marce/Dropbox/courses_and_workshops/Bioacoustics/PRSTATS_BR_2025/images","22496621.wav-1-69.jpeg","22496621.wav-1-69.jpeg",22872,NA
"/home/marce/Dropbox/courses_and_workshops/Bioacoustics/PRSTATS_BR_2025/images","22496621.wav-1-7.jpeg","22496621.wav-1-7.jpeg",22279,NA
"/home/marce/Dropbox/courses_and_workshops/Bioacoustics/PRSTATS_BR_2025/images","22496621.wav-1-70.jpeg","22496621.wav-1-70.jpeg",22384,NA
"/home/marce/Dropbox/courses_and_workshops/Bioacoustics/PRSTATS_BR_2025/images","22496621.wav-1-71.jpeg","22496621.wav-1-71.jpeg",23474,NA
"/home/marce/Dropbox/courses_and_workshops/Bioacoustics/PRSTATS_BR_2025/images","22496621.wav-1-72.jpeg","22496621.wav-1-72.jpeg",22626,NA
"/home/marce/Dropbox/courses_and_workshops/Bioacoustics/PRSTATS_BR_2025/images","22496621.wav-1-73.jpeg","22496621.wav-1-73.jpeg",23672,NA
"/home/marce/Dropbox/courses_and_workshops/Bioacoustics/PRSTATS_BR_2025/images","22496621.wav-1-74.jpeg","22496621.wav-1-74.jpeg",21820,NA
"/home/marce/Dropbox/courses_and_workshops/Bioacoustics/PRSTATS_BR_2025/images","22496621.wav-1-75.jpeg","22496621.wav-1-75.jpeg",23024,NA
"/home/marce/Dropbox/courses_and_workshops/Bioacoustics/PRSTATS_BR_2025/images","22496621.wav-1-76.jpeg","22496621.wav-1-76.jpeg",23579,NA
"/home/marce/Dropbox/courses_and_workshops/Bioacoustics/PRSTATS_BR_2025/images","22496621.wav-1-77.jpeg","22496621.wav-1-77.jpeg",21723,NA
"/home/marce/Dropbox/courses_and_workshops/Bioacoustics/PRSTATS_BR_2025/images","22496621.wav-1-78.jpeg","22496621.wav-1-78.jpeg",23278,NA
"/home/marce/Dropbox/courses_and_workshops/Bioacoustics/PRSTATS_BR_2025/images","22496621.wav-1-79.jpeg","22496621.wav-1-79.jpeg",23545,NA
"/home/marce/Dropbox/courses_and_workshops/Bioacoustics/PRSTATS_BR_2025/images","22496621.wav-1-8.jpeg","22496621.wav-1-8.jpeg",23013,NA
"/home/marce/Dropbox/courses_and_workshops/Bioacoustics/PRSTATS_BR_2025/images","22496621.wav-1-80.jpeg","22496621.wav-1-80.jpeg",22336,NA
"/home/marce/Dropbox/courses_and_workshops/Bioacoustics/PRSTATS_BR_2025/images","22496621.wav-1-81.jpeg","22496621.wav-1-81.jpeg",22736,NA
"/home/marce/Dropbox/courses_and_workshops/Bioacoustics/PRSTATS_BR_2025/images","22496621.wav-1-82.jpeg","22496621.wav-1-82.jpeg",23227,NA
"/home/marce/Dropbox/courses_and_workshops/Bioacoustics/PRSTATS_BR_2025/images","22496621.wav-1-83.jpeg","22496621.wav-1-83.jpeg",22142,NA
"/home/marce/Dropbox/courses_and_workshops/Bioacoustics/PRSTATS_BR_2025/images","22496621.wav-1-84.jpeg","22496621.wav-1-84.jpeg",22078,NA
"/home/marce/Dropbox/courses_and_workshops/Bioacoustics/PRSTATS_BR_2025/images","22496621.wav-1-85.jpeg","22496621.wav-1-85.jpeg",23083,NA
"/home/marce/Dropbox/courses_and_workshops/Bioacoustics/PRSTATS_BR_2025/images","22496621.wav-1-86.jpeg","22496621.wav-1-86.jpeg",23416,NA
"/home/marce/Dropbox/courses_and_workshops/Bioacoustics/PRSTATS_BR_2025/images","22496621.wav-1-87.jpeg","22496621.wav-1-87.jpeg",23299,NA
"/home/marce/Dropbox/courses_and_workshops/Bioacoustics/PRSTATS_BR_2025/images","22496621.wav-1-88.jpeg","22496621.wav-1-88.jpeg",22864,NA
"/home/marce/Dropbox/courses_and_workshops/Bioacoustics/PRSTATS_BR_2025/images","22496621.wav-1-89.jpeg","22496621.wav-1-89.jpeg",23036,NA
"/home/marce/Dropbox/courses_and_workshops/Bioacoustics/PRSTATS_BR_2025/images","22496621.wav-1-9.jpeg","22496621.wav-1-9.jpeg",23304,NA
"/home/marce/Dropbox/courses_and_workshops/Bioacoustics/PRSTATS_BR_2025/images","22496621.wav-1-90.jpeg","22496621.wav-1-90.jpeg",21440,NA
"/home/marce/Dropbox/courses_and_workshops/Bioacoustics/PRSTATS_BR_2025/images","22496621.wav-1-91.jpeg","22496621.wav-1-91.jpeg",23612,NA
"/home/marce/Dropbox/courses_and_workshops/Bioacoustics/PRSTATS_BR_2025/images","22496621.wav-1-92.jpeg","22496621.wav-1-92.jpeg",23294,NA
"/home/marce/Dropbox/courses_and_workshops/Bioacoustics/PRSTATS_BR_2025/images","22496621.wav-1-93.jpeg","22496621.wav-1-93.jpeg",23467,NA
"/home/marce/Dropbox/courses_and_workshops/Bioacoustics/PRSTATS_BR_2025/images","22496621.wav-1-94.jpeg","22496621.wav-1-94.jpeg",23192,NA
"/home/marce/Dropbox/courses_and_workshops/Bioacoustics/PRSTATS_BR_2025/images","22496621.wav-1-95.jpeg","22496621.wav-1-95.jpeg",22656,NA
"/home/marce/Dropbox/courses_and_workshops/Bioacoustics/PRSTATS_BR_2025/images","22496621.wav-1-96.jpeg","22496621.wav-1-96.jpeg",22687,NA
"/home/marce/Dropbox/courses_and_workshops/Bioacoustics/PRSTATS_BR_2025/images","22496621.wav-1-97.jpeg","22496621.wav-1-97.jpeg",22940,NA
"/home/marce/Dropbox/courses_and_workshops/Bioacoustics/PRSTATS_BR_2025/images","22496621.wav-1-98.jpeg","22496621.wav-1-98.jpeg",22884,NA
"/home/marce/Dropbox/courses_and_workshops/Bioacoustics/PRSTATS_BR_2025/images","22496621.wav-1-99.jpeg","22496621.wav-1-99.jpeg",22683,NA
"/home/marce/Dropbox/courses_and_workshops/Bioacoustics/PRSTATS_BR_2025/examples","bit24.wav","bit24.wav",5160950,NA
"/home/marce/Dropbox/courses_and_workshops/Bioacoustics/PRSTATS_BR_2025/examples","bit64.wav","bit64.wav",5160950,NA
"/home/marce/Dropbox/courses_and_workshops/Bioacoustics/PRSTATS_BR_2025/examples","bit8.wav","bit8.wav",5160950,NA
"/home/marce/Dropbox/courses_and_workshops/Bioacoustics/PRSTATS_BR_2025/examples/mp3","BlackCappedVireo.wav","BlackCappedVireo-1.wav",240812,NA
"/home/marce/Dropbox/courses_and_workshops/Bioacoustics/PRSTATS_BR_2025/examples/mp3/converted_sound_files","BlackCappedVireo.wav","BlackCappedVireo-2.wav",722348,NA
"/home/marce/Dropbox/courses_and_workshops/Bioacoustics/PRSTATS_BR_2025/examples/mp3","BowheadWhaleSong.wav","BowheadWhaleSong-1.wav",3821228,NA
"/home/marce/Dropbox/courses_and_workshops/Bioacoustics/PRSTATS_BR_2025/examples/mp3/converted_sound_files","BowheadWhaleSong.wav","BowheadWhaleSong-2.wav",11463596,NA
"/home/marce/Dropbox/courses_and_workshops/Bioacoustics/PRSTATS_BR_2025/examples/mp3","CanyonWren.wav","CanyonWren-1.wav",479276,NA
"/home/marce/Dropbox/courses_and_workshops/Bioacoustics/PRSTATS_BR_2025/examples/mp3/converted_sound_files","CanyonWren.wav","CanyonWren-2.wav",718892,NA
"/home/marce/Dropbox/courses_and_workshops/Bioacoustics/PRSTATS_BR_2025/examples","downsmp.wav","downsmp.wav",56332,NA
"/home/marce/Dropbox/courses_and_workshops/Bioacoustics/PRSTATS_BR_2025/examples","LBH.374.SUR.wav","LBH.374.SUR.wav",10321784,NA
"/home/marce/Dropbox/courses_and_workshops/Bioacoustics/PRSTATS_BR_2025/examples","Phae.long1.wav","Phae.long1.wav",112546,NA
"/home/marce/Dropbox/courses_and_workshops/Bioacoustics/PRSTATS_BR_2025/examples/cuts","Phae.long1.wav_1.wav","Phae.long1.wav_1.wav",7832,NA
"/home/marce/Dropbox/courses_and_workshops/Bioacoustics/PRSTATS_BR_2025/examples/cuts","Phae.long1.wav_2.wav","Phae.long1.wav_2.wav",7382,NA
"/home/marce/Dropbox/courses_and_workshops/Bioacoustics/PRSTATS_BR_2025/examples/cuts","Phae.long1.wav_3.wav","Phae.long1.wav_3.wav",7916,NA
"/home/marce/Dropbox/courses_and_workshops/Bioacoustics/PRSTATS_BR_2025/_site/images","Phae.long1.wav-1-dfDTW.jpeg","Phae.long1-1-dfDTW.jpeg-1.wav",16955,"possible.dupl"
"/home/marce/Dropbox/courses_and_workshops/Bioacoustics/PRSTATS_BR_2025/docs/images","Phae.long1.wav-1-dfDTW.jpeg","Phae.long1-1-dfDTW.jpeg-2.wav",16955,"possible.dupl"
"/home/marce/Dropbox/courses_and_workshops/Bioacoustics/PRSTATS_BR_2025/examples","Phae.long1.wav-1-dfDTW.jpeg","Phae.long1-1-dfDTW.jpeg-3.wav",17816,NA
"/home/marce/Dropbox/courses_and_workshops/Bioacoustics/PRSTATS_BR_2025/images","Phae.long1.wav-1-dfDTW.jpeg","Phae.long1-1-dfDTW.jpeg-4.wav",16955,"possible.dupl"
"/home/marce/Dropbox/courses_and_workshops/Bioacoustics/PRSTATS_BR_2025/images","Phae.long1.wav-1-dfts.jpeg","Phae.long1.wav-1-dfts.jpeg",16521,NA
"/home/marce/Dropbox/courses_and_workshops/Bioacoustics/PRSTATS_BR_2025/examples","Phae.long1.wav-1-frequency.ts.jpeg","Phae.long1-1-frequency.ts.jpeg-1.wav",18216,NA
"/home/marce/Dropbox/courses_and_workshops/Bioacoustics/PRSTATS_BR_2025/images","Phae.long1.wav-1-frequency.ts.jpeg","Phae.long1-1-frequency.ts.jpeg-2.wav",17312,NA
"/home/marce/Dropbox/courses_and_workshops/Bioacoustics/PRSTATS_BR_2025/examples","Phae.long1.wav-1.jpeg","Phae.long1.wav-1.jpeg",24807,NA
"/home/marce/Dropbox/courses_and_workshops/Bioacoustics/PRSTATS_BR_2025/examples","Phae.long1.wav-2-dfDTW.jpeg","Phae.long1-2-dfDTW.jpeg-1.wav",17946,NA
"/home/marce/Dropbox/courses_and_workshops/Bioacoustics/PRSTATS_BR_2025/images","Phae.long1.wav-2-dfDTW.jpeg","Phae.long1-2-dfDTW.jpeg-2.wav",16553,NA
"/home/marce/Dropbox/courses_and_workshops/Bioacoustics/PRSTATS_BR_2025/images","Phae.long1.wav-2-dfts.jpeg","Phae.long1.wav-2-dfts.jpeg",15702,NA
"/home/marce/Dropbox/courses_and_workshops/Bioacoustics/PRSTATS_BR_2025/examples","Phae.long1.wav-2-frequency.ts.jpeg","Phae.long1-2-frequency.ts.jpeg-1.wav",18356,NA
"/home/marce/Dropbox/courses_and_workshops/Bioacoustics/PRSTATS_BR_2025/images","Phae.long1.wav-2-frequency.ts.jpeg","Phae.long1-2-frequency.ts.jpeg-2.wav",17457,NA
"/home/marce/Dropbox/courses_and_workshops/Bioacoustics/PRSTATS_BR_2025/examples","Phae.long1.wav-2.jpeg","Phae.long1.wav-2.jpeg",24667,NA
"/home/marce/Dropbox/courses_and_workshops/Bioacoustics/PRSTATS_BR_2025/examples","Phae.long1.wav-3-dfDTW.jpeg","Phae.long1-3-dfDTW.jpeg-1.wav",17656,NA
"/home/marce/Dropbox/courses_and_workshops/Bioacoustics/PRSTATS_BR_2025/images","Phae.long1.wav-3-dfDTW.jpeg","Phae.long1-3-dfDTW.jpeg-2.wav",16561,NA
"/home/marce/Dropbox/courses_and_workshops/Bioacoustics/PRSTATS_BR_2025/images","Phae.long1.wav-3-dfts.jpeg","Phae.long1.wav-3-dfts.jpeg",15790,NA
"/home/marce/Dropbox/courses_and_workshops/Bioacoustics/PRSTATS_BR_2025/examples","Phae.long1.wav-3-frequency.ts.jpeg","Phae.long1-3-frequency.ts.jpeg-1.wav",18085,NA
"/home/marce/Dropbox/courses_and_workshops/Bioacoustics/PRSTATS_BR_2025/images","Phae.long1.wav-3-frequency.ts.jpeg","Phae.long1-3-frequency.ts.jpeg-2.wav",17202,NA
"/home/marce/Dropbox/courses_and_workshops/Bioacoustics/PRSTATS_BR_2025/examples","Phae.long1.wav-3.jpeg","Phae.long1.wav-3.jpeg",24905,NA
"/home/marce/Dropbox/courses_and_workshops/Bioacoustics/PRSTATS_BR_2025/examples","Phae.long1.wav.txt","Phae.long1.wav.txt",778,NA
"/home/marce/Dropbox/courses_and_workshops/Bioacoustics/PRSTATS_BR_2025/examples","Phae.long1.WAVE","Phae.long1.WAVE",112546,NA
"/home/marce/Dropbox/courses_and_workshops/Bioacoustics/PRSTATS_BR_2025/examples","Phae.long2.wav","Phae.long2.wav",76546,NA
"/home/marce/Dropbox/courses_and_workshops/Bioacoustics/PRSTATS_BR_2025/examples/cuts","Phae.long2.wav_1.wav","Phae.long2.wav_1.wav",6010,NA
"/home/marce/Dropbox/courses_and_workshops/Bioacoustics/PRSTATS_BR_2025/examples/cuts","Phae.long2.wav_2.wav","Phae.long2.wav_2.wav",5720,NA
"/home/marce/Dropbox/courses_and_workshops/Bioacoustics/PRSTATS_BR_2025/examples","Phae.long2.wav-1-dfDTW.jpeg","Phae.long2-1-dfDTW.jpeg-1.wav",18232,NA
"/home/marce/Dropbox/courses_and_workshops/Bioacoustics/PRSTATS_BR_2025/images","Phae.long2.wav-1-dfDTW.jpeg","Phae.long2-1-dfDTW.jpeg-2.wav",17836,NA
"/home/marce/Dropbox/courses_and_workshops/Bioacoustics/PRSTATS_BR_2025/images","Phae.long2.wav-1-dfts.jpeg","Phae.long2.wav-1-dfts.jpeg",17318,NA
"/home/marce/Dropbox/courses_and_workshops/Bioacoustics/PRSTATS_BR_2025/examples","Phae.long2.wav-1-frequency.ts.jpeg","Phae.long2-1-frequency.ts.jpeg-1.wav",18672,NA
"/home/marce/Dropbox/courses_and_workshops/Bioacoustics/PRSTATS_BR_2025/images","Phae.long2.wav-1-frequency.ts.jpeg","Phae.long2-1-frequency.ts.jpeg-2.wav",17798,NA
"/home/marce/Dropbox/courses_and_workshops/Bioacoustics/PRSTATS_BR_2025/examples","Phae.long2.wav-1.jpeg","Phae.long2.wav-1.jpeg",24271,NA
"/home/marce/Dropbox/courses_and_workshops/Bioacoustics/PRSTATS_BR_2025/examples","Phae.long2.wav-2-dfDTW.jpeg","Phae.long2-2-dfDTW.jpeg-1.wav",17919,NA
"/home/marce/Dropbox/courses_and_workshops/Bioacoustics/PRSTATS_BR_2025/images","Phae.long2.wav-2-dfDTW.jpeg","Phae.long2-2-dfDTW.jpeg-2.wav",17611,NA
"/home/marce/Dropbox/courses_and_workshops/Bioacoustics/PRSTATS_BR_2025/images","Phae.long2.wav-2-dfts.jpeg","Phae.long2.wav-2-dfts.jpeg",16791,NA
"/home/marce/Dropbox/courses_and_workshops/Bioacoustics/PRSTATS_BR_2025/examples","Phae.long2.wav-2-frequency.ts.jpeg","Phae.long2-2-frequency.ts.jpeg-1.wav",18351,NA
"/home/marce/Dropbox/courses_and_workshops/Bioacoustics/PRSTATS_BR_2025/images","Phae.long2.wav-2-frequency.ts.jpeg","Phae.long2-2-frequency.ts.jpeg-2.wav",17595,NA
"/home/marce/Dropbox/courses_and_workshops/Bioacoustics/PRSTATS_BR_2025/examples","Phae.long2.wav-2.jpeg","Phae.long2.wav-2.jpeg",23843,NA
"/home/marce/Dropbox/courses_and_workshops/Bioacoustics/PRSTATS_BR_2025/examples","Phae.long2.wav.txt","Phae.long2.wav.txt",565,NA
"/home/marce/Dropbox/courses_and_workshops/Bioacoustics/PRSTATS_BR_2025/examples","Phae.long3.wav","Phae.long3.wav",99044,NA
"/home/marce/Dropbox/courses_and_workshops/Bioacoustics/PRSTATS_BR_2025/examples/cuts","Phae.long3.wav_1.wav","Phae.long3.wav_1.wav",5950,NA
"/home/marce/Dropbox/courses_and_workshops/Bioacoustics/PRSTATS_BR_2025/examples/cuts","Phae.long3.wav_2.wav","Phae.long3.wav_2.wav",5902,NA
"/home/marce/Dropbox/courses_and_workshops/Bioacoustics/PRSTATS_BR_2025/examples/cuts","Phae.long3.wav_3.wav","Phae.long3.wav_3.wav",5948,NA
"/home/marce/Dropbox/courses_and_workshops/Bioacoustics/PRSTATS_BR_2025/examples","Phae.long3.wav-1-dfDTW.jpeg","Phae.long3-1-dfDTW.jpeg-1.wav",17811,NA
"/home/marce/Dropbox/courses_and_workshops/Bioacoustics/PRSTATS_BR_2025/images","Phae.long3.wav-1-dfDTW.jpeg","Phae.long3-1-dfDTW.jpeg-2.wav",16892,NA
"/home/marce/Dropbox/courses_and_workshops/Bioacoustics/PRSTATS_BR_2025/images","Phae.long3.wav-1-dfts.jpeg","Phae.long3.wav-1-dfts.jpeg",16079,NA
"/home/marce/Dropbox/courses_and_workshops/Bioacoustics/PRSTATS_BR_2025/examples","Phae.long3.wav-1-frequency.ts.jpeg","Phae.long3-1-frequency.ts.jpeg-1.wav",18228,NA
"/home/marce/Dropbox/courses_and_workshops/Bioacoustics/PRSTATS_BR_2025/images","Phae.long3.wav-1-frequency.ts.jpeg","Phae.long3-1-frequency.ts.jpeg-2.wav",17393,NA
"/home/marce/Dropbox/courses_and_workshops/Bioacoustics/PRSTATS_BR_2025/examples","Phae.long3.wav-1.jpeg","Phae.long3.wav-1.jpeg",24060,NA
"/home/marce/Dropbox/courses_and_workshops/Bioacoustics/PRSTATS_BR_2025/examples","Phae.long3.wav-2-dfDTW.jpeg","Phae.long3-2-dfDTW.jpeg-1.wav",18218,NA
"/home/marce/Dropbox/courses_and_workshops/Bioacoustics/PRSTATS_BR_2025/images","Phae.long3.wav-2-dfDTW.jpeg","Phae.long3-2-dfDTW.jpeg-2.wav",17250,NA
"/home/marce/Dropbox/courses_and_workshops/Bioacoustics/PRSTATS_BR_2025/images","Phae.long3.wav-2-dfts.jpeg","Phae.long3.wav-2-dfts.jpeg",16417,NA
"/home/marce/Dropbox/courses_and_workshops/Bioacoustics/PRSTATS_BR_2025/examples","Phae.long3.wav-2-frequency.ts.jpeg","Phae.long3-2-frequency.ts.jpeg-1.wav",18593,NA
"/home/marce/Dropbox/courses_and_workshops/Bioacoustics/PRSTATS_BR_2025/images","Phae.long3.wav-2-frequency.ts.jpeg","Phae.long3-2-frequency.ts.jpeg-2.wav",17827,NA
"/home/marce/Dropbox/courses_and_workshops/Bioacoustics/PRSTATS_BR_2025/examples","Phae.long3.wav-2.jpeg","Phae.long3.wav-2.jpeg",24059,NA
"/home/marce/Dropbox/courses_and_workshops/Bioacoustics/PRSTATS_BR_2025/examples","Phae.long3.wav-3-dfDTW.jpeg","Phae.long3-3-dfDTW.jpeg-1.wav",17491,NA
"/home/marce/Dropbox/courses_and_workshops/Bioacoustics/PRSTATS_BR_2025/images","Phae.long3.wav-3-dfDTW.jpeg","Phae.long3-3-dfDTW.jpeg-2.wav",16648,NA
"/home/marce/Dropbox/courses_and_workshops/Bioacoustics/PRSTATS_BR_2025/images","Phae.long3.wav-3-dfts.jpeg","Phae.long3.wav-3-dfts.jpeg",15906,NA
"/home/marce/Dropbox/courses_and_workshops/Bioacoustics/PRSTATS_BR_2025/examples","Phae.long3.wav-3-frequency.ts.jpeg","Phae.long3-3-frequency.ts.jpeg-1.wav",17880,NA
"/home/marce/Dropbox/courses_and_workshops/Bioacoustics/PRSTATS_BR_2025/images","Phae.long3.wav-3-frequency.ts.jpeg","Phae.long3-3-frequency.ts.jpeg-2.wav",17102,NA
"/home/marce/Dropbox/courses_and_workshops/Bioacoustics/PRSTATS_BR_2025/examples","Phae.long3.wav-3.jpeg","Phae.long3.wav-3.jpeg",23822,NA
"/home/marce/Dropbox/courses_and_workshops/Bioacoustics/PRSTATS_BR_2025/examples","Phae.long3.wav.txt","Phae.long3.wav.txt",778,NA
"/home/marce/Dropbox/courses_and_workshops/Bioacoustics/PRSTATS_BR_2025/examples","Phae.long4.wav","Phae.long4.wav",144044,NA
"/home/marce/Dropbox/courses_and_workshops/Bioacoustics/PRSTATS_BR_2025/examples/cuts","Phae.long4.wav_1.wav","Phae.long4.wav_1.wav",6588,NA
"/home/marce/Dropbox/courses_and_workshops/Bioacoustics/PRSTATS_BR_2025/examples/cuts","Phae.long4.wav_2.wav","Phae.long4.wav_2.wav",6532,NA
"/home/marce/Dropbox/courses_and_workshops/Bioacoustics/PRSTATS_BR_2025/examples/cuts","Phae.long4.wav_3.wav","Phae.long4.wav_3.wav",6574,NA
"/home/marce/Dropbox/courses_and_workshops/Bioacoustics/PRSTATS_BR_2025/examples","Phae.long4.wav-1-dfDTW.jpeg","Phae.long4-1-dfDTW.jpeg-1.wav",16633,NA
"/home/marce/Dropbox/courses_and_workshops/Bioacoustics/PRSTATS_BR_2025/images","Phae.long4.wav-1-dfDTW.jpeg","Phae.long4-1-dfDTW.jpeg-2.wav",16020,NA
"/home/marce/Dropbox/courses_and_workshops/Bioacoustics/PRSTATS_BR_2025/images","Phae.long4.wav-1-dfts.jpeg","Phae.long4.wav-1-dfts.jpeg",15368,NA
"/home/marce/Dropbox/courses_and_workshops/Bioacoustics/PRSTATS_BR_2025/examples","Phae.long4.wav-1-frequency.ts.jpeg","Phae.long4-1-frequency.ts.jpeg-1.wav",17049,NA
"/home/marce/Dropbox/courses_and_workshops/Bioacoustics/PRSTATS_BR_2025/images","Phae.long4.wav-1-frequency.ts.jpeg","Phae.long4-1-frequency.ts.jpeg-2.wav",16413,NA
"/home/marce/Dropbox/courses_and_workshops/Bioacoustics/PRSTATS_BR_2025/examples","Phae.long4.wav-1.jpeg","Phae.long4.wav-1.jpeg",24048,NA
"/home/marce/Dropbox/courses_and_workshops/Bioacoustics/PRSTATS_BR_2025/examples","Phae.long4.wav-2-dfDTW.jpeg","Phae.long4-2-dfDTW.jpeg-1.wav",16539,NA
"/home/marce/Dropbox/courses_and_workshops/Bioacoustics/PRSTATS_BR_2025/images","Phae.long4.wav-2-dfDTW.jpeg","Phae.long4-2-dfDTW.jpeg-2.wav",15996,NA
"/home/marce/Dropbox/courses_and_workshops/Bioacoustics/PRSTATS_BR_2025/images","Phae.long4.wav-2-dfts.jpeg","Phae.long4.wav-2-dfts.jpeg",15441,NA
"/home/marce/Dropbox/courses_and_workshops/Bioacoustics/PRSTATS_BR_2025/examples","Phae.long4.wav-2-frequency.ts.jpeg","Phae.long4-2-frequency.ts.jpeg-1.wav",16935,NA
"/home/marce/Dropbox/courses_and_workshops/Bioacoustics/PRSTATS_BR_2025/images","Phae.long4.wav-2-frequency.ts.jpeg","Phae.long4-2-frequency.ts.jpeg-2.wav",16218,NA
"/home/marce/Dropbox/courses_and_workshops/Bioacoustics/PRSTATS_BR_2025/examples","Phae.long4.wav-2.jpeg","Phae.long4.wav-2.jpeg",23921,NA
"/home/marce/Dropbox/courses_and_workshops/Bioacoustics/PRSTATS_BR_2025/examples","Phae.long4.wav-3-dfDTW.jpeg","Phae.long4-3-dfDTW.jpeg-1.wav",16930,NA
"/home/marce/Dropbox/courses_and_workshops/Bioacoustics/PRSTATS_BR_2025/images","Phae.long4.wav-3-dfDTW.jpeg","Phae.long4-3-dfDTW.jpeg-2.wav",16581,NA
"/home/marce/Dropbox/courses_and_workshops/Bioacoustics/PRSTATS_BR_2025/images","Phae.long4.wav-3-dfts.jpeg","Phae.long4.wav-3-dfts.jpeg",16023,NA
"/home/marce/Dropbox/courses_and_workshops/Bioacoustics/PRSTATS_BR_2025/examples","Phae.long4.wav-3-frequency.ts.jpeg","Phae.long4-3-frequency.ts.jpeg-1.wav",17319,NA
"/home/marce/Dropbox/courses_and_workshops/Bioacoustics/PRSTATS_BR_2025/images","Phae.long4.wav-3-frequency.ts.jpeg","Phae.long4-3-frequency.ts.jpeg-2.wav",16677,NA
"/home/marce/Dropbox/courses_and_workshops/Bioacoustics/PRSTATS_BR_2025/examples","Phae.long4.wav-3.jpeg","Phae.long4.wav-3.jpeg",24095,NA
"/home/marce/Dropbox/courses_and_workshops/Bioacoustics/PRSTATS_BR_2025/examples","Phae.long4.wav.txt","Phae.long4.wav.txt",780,NA
"/home/marce/Dropbox/courses_and_workshops/Bioacoustics/PRSTATS_BR_2025/examples","Phaethornis-eurynome-15607.wav","Phaethornis-eurynome-15607.wav",2896172,NA
"/home/marce/Dropbox/courses_and_workshops/Bioacoustics/PRSTATS_BR_2025/examples/p_guy/converted_sound_files","Phaethornis-guy-227574.wav","Phaethornis-guy-227574-1.wav",2451298,NA
"/home/marce/Dropbox/courses_and_workshops/Bioacoustics/PRSTATS_BR_2025/examples/p_guy","Phaethornis-guy-227574.wav","Phaethornis-guy-227574-2.wav",3557420,NA
"/home/marce/Dropbox/courses_and_workshops/Bioacoustics/PRSTATS_BR_2025/examples/p_guy/converted_sound_files","Phaethornis-guy-238804.wav","Phaethornis-guy-238804-1.wav",1963052,"possible.dupl"
"/home/marce/Dropbox/courses_and_workshops/Bioacoustics/PRSTATS_BR_2025/examples/p_guy","Phaethornis-guy-238804.wav","Phaethornis-guy-238804-2.wav",1963052,"possible.dupl"
"/home/marce/Dropbox/courses_and_workshops/Bioacoustics/PRSTATS_BR_2025/examples/p_guy/converted_sound_files","Phaethornis-guy-257788.wav","Phaethornis-guy-257788-1.wav",3015980,"possible.dupl"
"/home/marce/Dropbox/courses_and_workshops/Bioacoustics/PRSTATS_BR_2025/examples/p_guy","Phaethornis-guy-257788.wav","Phaethornis-guy-257788-2.wav",3015980,"possible.dupl"
"/home/marce/Dropbox/courses_and_workshops/Bioacoustics/PRSTATS_BR_2025/examples/p_guy/converted_sound_files","Phaethornis-guy-344329.wav","Phaethornis-guy-344329-1.wav",4404046,NA
"/home/marce/Dropbox/courses_and_workshops/Bioacoustics/PRSTATS_BR_2025/examples/p_guy","Phaethornis-guy-344329.wav","Phaethornis-guy-344329-2.wav",6391340,NA
"/home/marce/Dropbox/courses_and_workshops/Bioacoustics/PRSTATS_BR_2025/examples/p_guy/converted_sound_files","Phaethornis-guy-359439.wav","Phaethornis-guy-359439-1.wav",6814024,NA
"/home/marce/Dropbox/courses_and_workshops/Bioacoustics/PRSTATS_BR_2025/examples/p_guy","Phaethornis-guy-359439.wav","Phaethornis-guy-359439-2.wav",14833196,NA
"/home/marce/Dropbox/courses_and_workshops/Bioacoustics/PRSTATS_BR_2025/examples/p_guy/converted_sound_files","Phaethornis-guy-518285.wav","Phaethornis-guy-518285-1.wav",4502478,NA
"/home/marce/Dropbox/courses_and_workshops/Bioacoustics/PRSTATS_BR_2025/examples/p_guy","Phaethornis-guy-518285.wav","Phaethornis-guy-518285-2.wav",9801260,NA
"/home/marce/Dropbox/courses_and_workshops/Bioacoustics/PRSTATS_BR_2025/examples/p_guy/converted_sound_files","Phaethornis-guy-541543.wav","Phaethornis-guy-541543-1.wav",5792300,"possible.dupl"
"/home/marce/Dropbox/courses_and_workshops/Bioacoustics/PRSTATS_BR_2025/examples/p_guy","Phaethornis-guy-541543.wav","Phaethornis-guy-541543-2.wav",5792300,"possible.dupl"
"/home/marce/Dropbox/courses_and_workshops/Bioacoustics/PRSTATS_BR_2025/examples/p_guy/converted_sound_files","Phaethornis-guy-665512.wav","Phaethornis-guy-665512-1.wav",2470350,NA
"/home/marce/Dropbox/courses_and_workshops/Bioacoustics/PRSTATS_BR_2025/examples/p_guy","Phaethornis-guy-665512.wav","Phaethornis-guy-665512-2.wav",5377580,NA
"/home/marce/Dropbox/courses_and_workshops/Bioacoustics/PRSTATS_BR_2025/examples/p_guy/converted_sound_files","Phaethornis-guy-687234.wav","Phaethornis-guy-687234-1.wav",4004396,"possible.dupl"
"/home/marce/Dropbox/courses_and_workshops/Bioacoustics/PRSTATS_BR_2025/examples/p_guy","Phaethornis-guy-687234.wav","Phaethornis-guy-687234-2.wav",4004396,"possible.dupl"
"/home/marce/Dropbox/courses_and_workshops/Bioacoustics/PRSTATS_BR_2025/_site","seewave.html","see.html-1.wav",129517,NA
"/home/marce/Dropbox/courses_and_workshops/Bioacoustics/PRSTATS_BR_2025/docs","seewave.html","see.html-2.wav",77953,NA
"/home/marce/Dropbox/courses_and_workshops/Bioacoustics/PRSTATS_BR_2025","seewave.qmd","seewave.qmd",11339,NA
"/home/marce/Dropbox/courses_and_workshops/Bioacoustics/PRSTATS_BR_2025/examples","song.dynrang.wav","song.dynrang.wav",5160950,NA
"/home/marce/Dropbox/courses_and_workshops/Bioacoustics/PRSTATS_BR_2025/examples","song.dynrang24.wav","song.dynrang24.wav",5160950,NA
"/home/marce/Dropbox/courses_and_workshops/Bioacoustics/PRSTATS_BR_2025/examples","T2018-01-04_12-10-16_0000014.wav_1-1-dfDTW.jpeg","T2018-01-04_12-10-16_0000014.wav_1-1-dfDTW.jpeg",22748,NA
"/home/marce/Dropbox/courses_and_workshops/Bioacoustics/PRSTATS_BR_2025/examples","T2018-01-04_12-10-16_0000014.wav_2-1-dfDTW.jpeg","T2018-01-04_12-10-16_0000014.wav_2-1-dfDTW.jpeg",22212,NA
"/home/marce/Dropbox/courses_and_workshops/Bioacoustics/PRSTATS_BR_2025/examples","T2018-01-05_11-49-53_0000035.wav_10-1-dfDTW.jpeg","T2018-01-05_11-49-53_0000035.wav_10-1-dfDTW.jpeg",22380,NA
"/home/marce/Dropbox/courses_and_workshops/Bioacoustics/PRSTATS_BR_2025/images","T2018-03-28_09-10-15_0000030.wav-song_130-130.jpeg","T2018-03-28_09-10-15_0000030.wav-song_130-130.jpeg",48907,NA
"/home/marce/Dropbox/courses_and_workshops/Bioacoustics/PRSTATS_BR_2025/images","T2018-03-28_09-10-15_0000030.wav-song_131-131.jpeg","T2018-03-28_09-10-15_0000030.wav-song_131-131.jpeg",57613,NA
"/home/marce/Dropbox/courses_and_workshops/Bioacoustics/PRSTATS_BR_2025/images","T2018-03-28_09-10-15_0000030.wav-song_162-162.jpeg","T2018-03-28_09-10-15_0000030.wav-song_162-162.jpeg",59418,NA
"/home/marce/Dropbox/courses_and_workshops/Bioacoustics/PRSTATS_BR_2025/images","T2018-03-28_09-10-15_0000030.wav-song_163-163.jpeg","T2018-03-28_09-10-15_0000030.wav-song_163-163.jpeg",59709,NA
"/home/marce/Dropbox/courses_and_workshops/Bioacoustics/PRSTATS_BR_2025/images","T2018-03-28_09-10-15_0000030.wav-song_212-212.jpeg","T2018-03-28_09-10-15_0000030.wav-song_212-212.jpeg",57368,NA
"/home/marce/Dropbox/courses_and_workshops/Bioacoustics/PRSTATS_BR_2025/images","T2018-03-28_09-10-15_0000030.wav-song_213-213.jpeg","T2018-03-28_09-10-15_0000030.wav-song_213-213.jpeg",57775,NA
"/home/marce/Dropbox/courses_and_workshops/Bioacoustics/PRSTATS_BR_2025/images","T2018-03-28_09-10-15_0000030.wav-song_265-265.jpeg","T2018-03-28_09-10-15_0000030.wav-song_265-265.jpeg",57696,NA
"/home/marce/Dropbox/courses_and_workshops/Bioacoustics/PRSTATS_BR_2025/images","T2018-03-28_09-10-15_0000030.wav-song_266-266.jpeg","T2018-03-28_09-10-15_0000030.wav-song_266-266.jpeg",57152,NA
"/home/marce/Dropbox/courses_and_workshops/Bioacoustics/PRSTATS_BR_2025/images","T2018-03-28_09-10-15_0000030.wav-song_294-294.jpeg","T2018-03-28_09-10-15_0000030.wav-song_294-294.jpeg",59014,NA
"/home/marce/Dropbox/courses_and_workshops/Bioacoustics/PRSTATS_BR_2025/images","T2018-03-28_09-10-15_0000030.wav-song_295-295.jpeg","T2018-03-28_09-10-15_0000030.wav-song_295-295.jpeg",58085,NA
"/home/marce/Dropbox/courses_and_workshops/Bioacoustics/PRSTATS_BR_2025/images","T2018-03-28_09-10-15_0000030.wav-song_355-355.jpeg","T2018-03-28_09-10-15_0000030.wav-song_355-355.jpeg",56313,NA
"/home/marce/Dropbox/courses_and_workshops/Bioacoustics/PRSTATS_BR_2025/images","T2018-03-28_09-10-15_0000030.wav-song_356-356.jpeg","T2018-03-28_09-10-15_0000030.wav-song_356-356.jpeg",54438,NA
"/home/marce/Dropbox/courses_and_workshops/Bioacoustics/PRSTATS_BR_2025/images","T2018-03-28_09-10-15_0000030.wav-song_40-40.jpeg","T2018-03-28_09-10-15_0000030.wav-song_40-40.jpeg",58095,NA
"/home/marce/Dropbox/courses_and_workshops/Bioacoustics/PRSTATS_BR_2025/images","T2018-03-28_09-10-15_0000030.wav-song_41-41.jpeg","T2018-03-28_09-10-15_0000030.wav-song_41-41.jpeg",60962,NA
"/home/marce/Dropbox/courses_and_workshops/Bioacoustics/PRSTATS_BR_2025/images","T2018-03-28_09-10-15_0000030.wav-song_94-94.jpeg","T2018-03-28_09-10-15_0000030.wav-song_94-94.jpeg",57483,NA
"/home/marce/Dropbox/courses_and_workshops/Bioacoustics/PRSTATS_BR_2025/images","T2018-03-28_09-10-15_0000030.wav-song_95-95.jpeg","T2018-03-28_09-10-15_0000030.wav-song_95-95.jpeg",58810,NA
"/home/marce/Dropbox/courses_and_workshops/Bioacoustics/PRSTATS_BR_2025/images","T2018-03-28_09-29-44_0000034.wav-song_11-11.jpeg","T2018-03-28_09-29-44_0000034.wav-song_11-11.jpeg",61012,NA
"/home/marce/Dropbox/courses_and_workshops/Bioacoustics/PRSTATS_BR_2025/images","T2018-03-28_09-29-44_0000034.wav-song_12-12.jpeg","T2018-03-28_09-29-44_0000034.wav-song_12-12.jpeg",59515,NA
"/home/marce/Dropbox/courses_and_workshops/Bioacoustics/PRSTATS_BR_2025/images","T2018-03-28_09-29-44_0000034.wav-song_13-13.jpeg","T2018-03-28_09-29-44_0000034.wav-song_13-13.jpeg",63104,NA
"/home/marce/Dropbox/courses_and_workshops/Bioacoustics/PRSTATS_BR_2025/images","T2018-03-28_09-29-44_0000034.wav-song_15-15.jpeg","T2018-03-28_09-29-44_0000034.wav-song_15-15.jpeg",63434,NA
"/home/marce/Dropbox/courses_and_workshops/Bioacoustics/PRSTATS_BR_2025/images","T2018-03-28_09-29-44_0000034.wav-song_16-16.jpeg","T2018-03-28_09-29-44_0000034.wav-song_16-16.jpeg",63127,NA
"/home/marce/Dropbox/courses_and_workshops/Bioacoustics/PRSTATS_BR_2025/images","T2018-03-28_09-29-44_0000034.wav-song_2-2.jpeg","T2018-03-28_09-29-44_0000034.wav-song_2-2.jpeg",64843,NA
"/home/marce/Dropbox/courses_and_workshops/Bioacoustics/PRSTATS_BR_2025/images","T2018-03-28_09-29-44_0000034.wav-song_3-3.jpeg","T2018-03-28_09-29-44_0000034.wav-song_3-3.jpeg",60080,NA
"/home/marce/Dropbox/courses_and_workshops/Bioacoustics/PRSTATS_BR_2025/images","T2018-03-28_09-29-44_0000034.wav-song_5-5.jpeg","T2018-03-28_09-29-44_0000034.wav-song_5-5.jpeg",58833,NA
"/home/marce/Dropbox/courses_and_workshops/Bioacoustics/PRSTATS_BR_2025/images","T2018-03-28_09-29-44_0000034.wav-song_7-7.jpeg","T2018-03-28_09-29-44_0000034.wav-song_7-7.jpeg",59881,NA
"/home/marce/Dropbox/courses_and_workshops/Bioacoustics/PRSTATS_BR_2025/images","T2018-03-28_09-29-44_0000034.wav-song_8-8.jpeg","T2018-03-28_09-29-44_0000034.wav-song_8-8.jpeg",58096,NA
"/home/marce/Dropbox/courses_and_workshops/Bioacoustics/PRSTATS_BR_2025/images","T2018-03-28_10-23-23_0000047.wav-song_1-1.jpeg","T2018-03-28_10-23-23_0000047.wav-song_1-1.jpeg",55189,NA
"/home/marce/Dropbox/courses_and_workshops/Bioacoustics/PRSTATS_BR_2025/images","T2018-05-31_10-48-46_0000699.wav-song_1-1.jpeg","T2018-05-31_10-48-46_0000699.wav-song_1-1.jpeg",62206,NA
"/home/marce/Dropbox/courses_and_workshops/Bioacoustics/PRSTATS_BR_2025/images","T2018-05-31_10-48-46_0000699.wav-song_2-2.jpeg","T2018-05-31_10-48-46_0000699.wav-song_2-2.jpeg",66689,NA
"/home/marce/Dropbox/courses_and_workshops/Bioacoustics/PRSTATS_BR_2025/images","T2018-05-31_10-48-46_0000699.wav-song_22-22.jpeg","T2018-05-31_10-48-46_0000699.wav-song_22-22.jpeg",52379,NA
"/home/marce/Dropbox/courses_and_workshops/Bioacoustics/PRSTATS_BR_2025/_site/images","tabla-waves.png","tablaes.png-1.wav",57343,"possible.dupl"
"/home/marce/Dropbox/courses_and_workshops/Bioacoustics/PRSTATS_BR_2025/docs/images","tabla-waves.png","tablaes.png-2.wav",57343,"possible.dupl"
"/home/marce/Dropbox/courses_and_workshops/Bioacoustics/PRSTATS_BR_2025/images","tabla-waves.png","tablaes.png-3.wav",57343,"possible.dupl"
"/home/marce/Dropbox/courses_and_workshops/Bioacoustics/PRSTATS_BR_2025/examples","test.wav","test.wav",55206,NA
"/home/marce/Dropbox/courses_and_workshops/Bioacoustics/PRSTATS_BR_2025","tico.wav","tico.wav",79200,NA
